,count,mean,std,min,25%,50%,75%,max
0_Resampled_Dataset 1_Winning,39601.0,11.746269033610263,7.929042179231464,0.0,7.0,10.0,14.0,63.0
0_Resampled_Dataset 0_Awry,39601.0,11.746269033610263,7.929042179231236,0.0,7.0,10.0,14.0,63.0
